author,follower_ct,friends_count,favourites_count,verified
707304985495805952,58,1,0,False
707266734424788992,23,10,0,False
98543618,14542,2067,95,True
16957443,3433,3348,4078,False
15513604,569522,2594,4054,True
229992790,6714,6620,39,False
722328013736574976,,,,
17997831,1720,2792,432,False
141942792,1271,2040,1,False
4591396873,64,60,0,False
939616267,188,130,0,False
825772045,6282,5271,865,False
21301933,15391,3031,557,False
504129552,1174,1547,51196,False
48799761,5745,5883,10945,False
25393191,1441,3280,43,False
2924158996,,,,
36890646,23978,1955,376,True
594062359,433,1893,4,False
603074585,474,366,1351,False
38652595,592,656,8,False
3295325530,112,279,125,False
1218566174,2654,2339,2,False
17901573,408,459,38,False
292374563,22421,14737,145,False
196452389,313,594,342,False
17066022,7446,840,2102,True
2352351271,184,78,270,False
21428264,74016,5210,180,False
15786332,2441,1302,10449,False
546744362,349,1029,18,False
20268039,936,96,5552,False
18013192,79,0,0,False
227819570,738,731,7,False
1595026099,60,62,0,False
3307778821,1127,253,3,False
280664117,12850,5468,2812,True
17920055,5903,5721,177,False
617246776,25188,17034,60,False
51730100,87,1249,1863,False
3677775437,5542,1048,17251,False
14377023,2095,1002,35,False
752404544,,,,
1965903937,,,,
2998408203,546674,40,193067,False
2340679891,51,10,0,False
1199596897,5132,5581,2488,False
312248392,12222,8722,98731,False
22216777,906,1889,242,False
3973558348,428,390,27,False
20021325,2399,2469,113,False
222242894,509,689,13,False
216810509,3869,4222,46,False
766728272,243,298,1,False
2928443473,27,6,0,False
54257746,2284,2495,4060,False
260819116,140,10,1267,False
60100694,1493,1950,17,False
417603671,361,850,322,False
547969112,113235,57359,16379,False
1214302297,16,196,3,False
621299727,511,275,54,False
2196815964,6378,5758,647,False
3914047581,24370,884,12115,False
264861791,704,1104,194,False
128450657,1975,2246,11,False
90077282,11179,2236,113,True
109320292,657,1638,1,False
1570407782,653,1638,26,False
2595467366,1742,1737,8124,False
236054545,2373,2345,7504,False
18165865,4931,5370,2366,False
174743659,688,1018,35,False
1595002988,61,736,0,False
437019753,11561,2592,2327,False
1258217582,1469,723,0,False
59500657,24428,787,947,False
373397618,4560,4967,4390,False
1214290622,12,95,4,False
411621494,3633,2889,288,False
55072887,382,914,19,False
75939860,11752,2205,2646,True
17703035,1698,4611,3311,False
92995708,4057,2297,2231,False
21688445,2014,1571,9074,False
1214283902,,,,
14669951,933467,2,0,False
128833664,2041,1531,78,False
4627478657,5620,4708,10757,False
36690283,4823,4029,2018,False
3300847748,485,456,1,False
2976014469,2024,1160,255,False
709357254131191808,14,28,3,False
138223751,293,379,0,False
3015604913,5929,288,1,False
5392522,5908597,73195,1689,True
4719313943,,,,
312149882,71599,28609,1102,False
17759597,9074,3283,2216,True
3669655696,2248,2066,20846,False
3086975121,4024,3853,2030,False
95463107,27100,2142,155,False
762534037,8280,1918,100,False
1214300311,13,94,4,False
17322445,30250,407,1215,True
1553039516,2712,2454,7021,False
3890391197,2,0,0,False
16734667,9598,9230,29,False
16181407,38,67,19,False
55046304,144,390,34,False
22659233,888,1319,166,False
314243234,20664,13859,398,False
5849252,1033,601,62,False
2344222885,1506,1002,12956,False
3270783145,598,9,8,False
67088479,3103,505,595,True
19101867,5396,1188,1610,False
322031788,1560,1480,161,False
2721114285,109,181,689,False
3024050350,,,,
14677751,18657,4871,1487,True
2649147763,31,14,9,False
15676749,2856,2653,124,False
807095,27902968,984,11356,True
17814534,7685,6148,527,False
30041119,4589,4769,165,False
3020705981,1803,1578,56,False
3293418220,20,16,0,False
102793411,1390,71,0,False
749748420,12270,12056,4418,False
24054719,3053,2267,12,False
143599815,3302,3537,0,False
727088844,3193,147,0,False
246362315,3717,4661,4826,False
124227622,8927,941,194681,False
3246654606,22,6,0,False
237033680,2625,2018,622,False
336041336,354,165,1008,False
31330515,1877,1382,46,False
265023700,5098,3557,27889,False
49688789,1359,1964,9,False
281282774,9325,3948,2024,False
32789881,1054,1675,814,False
2488510680,395,2016,128,False
188092633,50382,47883,4682,False
2330112218,1105,394,0,False
561614650,3113,1441,29158,False
306251996,1659,2997,1818,False
3020691677,1304,1692,26,False
4876609759,1889,4809,221,False
19861848,3539,3560,98,False
17740704,686,334,438,False
25655525,157,546,394,False
20150502,162071,3416,1911,True
137036008,38382,8406,2475,False
3702803836,1657,3365,17,False
24481831,80069,4901,902,False
700478162,1175,631,67,False
2370959600,2927,1358,65210,False
4708373603,911,1615,15056,False
90427636,257,53,2,False
3890650283,2,0,0,False
395555062,2959,4336,7234,False
55038199,68,32,27,False
11182932,3178,4008,18,False
3321571577,,,,
19107878,50245,3098,4122,True
329764906,1380,4999,0,False
419926270,8937,12137,0,False
27202261,1200,1803,4,False
1382371712,1178,794,850,False
38091010,829,439,0,False
950531,22204,571,29143,True
18565846,1326,1099,8,False
1855461638,1258,2079,863,True
179912967,3274,3560,5642,False
37036297,3072,3484,2659,True
66722060,1629,1915,0,False
19791234,13547,11318,5,False
4198314254,,,,
191463695,5474,4248,2966,False
21842781,5764,2127,2409,True
47859478,1744,1353,352,False
35606154,72471,3732,350,False
537846035,,,,
3407565077,180,6,1,False
216773337,249,560,0,False
31037199,9985,1031,2850,False
25667531,1321,1734,3950,False
4070056218,519,41,0,False
17123611,5430,5790,8091,False
32315679,1375,436,2,False
534671648,1778,3034,16235,False
211411233,373,336,0,False
1740060962,181,74,0,False
3024046372,,,,
390914341,17827,3625,27,False
9300262,1586484,1221,2,True
1214281800,442,193,4,False
1858738472,59,48,0,False
973517532,635,915,0,False
33773867,685,655,513,False
45070636,9912,10433,66,False
1214300462,,,,
361342191,134763,728,175,True
2819971380,4320,4120,9671,False
1964112182,8675,8156,27688,False
32283017,19588,17721,22327,False
216179001,6,0,0,False
1132012321,3344,942,4696,True
389759292,5327,1904,910,True
3198794045,10096,2617,1180,False
1595003198,59,709,0,False
3130914869,10831,4770,24095,False
145213760,790,162,2,False
149984992,7583,7832,4470,False
3192082754,2951,3016,438,False
22412777,671,1933,1410,False
15905092,31555,13171,877,False
1424605753,3778,4925,1349,False
21360968,1891,893,119,False
222695753,212,165,0,False
390381898,523,81,35,False
3270951991,1747,1516,991,False
95568205,983,1195,0,False
18363321,17,3,0,False
973542421,1075,1202,62,False
3585493334,253,487,2,False
40083800,1654,1594,15362,False
9567972,293063,571,38,True
18383195,29581,24530,31,False
118190428,100910,65983,5849,False
2887967069,1408,1786,2502,False
220582239,2443,26,0,False
3412326753,3633,3028,311,False
467726691,13985,654,32928,False
3889387876,2,0,0,False
35402085,48463,1328,777,False
364540263,154,943,52,False
74353000,465,165,11,False
86129724,97743,1929,3306,True
14774634,991,2282,997,False
1404360181,12353,3489,179,False
56205676,17,39,0,False
4664404333,,,,
973554031,1016,1826,0,False
135975280,2514,3089,1090,False
3241726321,8023,7301,1660,False
2884903283,3749,3050,19,False
849342841,3211,2934,5166,False
3890143611,1,0,0,False
249880957,1047,5000,423,False
23816574,407,386,24,False
27404671,30819,314,546,False
66050432,927,4359,66,False
4729317440,,,,
2600503818,43,12,0,False
22313347,5730,2427,3635,True
720896389,9136,8903,1571,False
48122327,917,275,13547,False
398862727,44,144,1,False
2754165128,54,1,0,False
16261513,7310,1657,628,True
198646850,,,,
1595007374,58,698,0,False
394811791,3074,3358,281,False
860629392,925,2399,3725,False
11188632,3210,3102,1148,False
241983890,4241,86,4,False
4066232723,558,40,0,False
4704468684,69,103,2,False
2922367381,119855,113658,2,False
8442262,608,379,46,False
23345560,1383,2018,30787,False
1214306713,9,188,4,False
485018010,3409,494,1546,False
110226860,725,1090,566,False
16953756,5551,1635,6,False
246667561,5408,4429,476,False
2458112414,3533,31,0,False
54065567,18208,7686,56477,False
930808560,5448,5077,62456,False
3317219751,945,916,47,False
121010601,459,912,19,False
36741547,14095,9075,97,False
118886828,,,,
87046573,241,1,32,False
90083759,459,90,18,False
17351088,1177,990,16,False
2504417352,914,1290,1444,False
709198227384324096,20,40,0,False
211300788,342,76,22,False
42119605,3891,788,66,False
27003847,2868,2464,4559,False
3313985975,11650,10277,15584,False
215369871,1542,273,0,False
109854452,11867,10316,53020,False
285434613,7433,7350,2367,False
1475717568,33339,93,25,False
26520992,409,717,7,False
3428100550,2112,2159,18479,False
55232967,1123,0,1,False
4068336072,577,41,0,False
208155240,185109,1038,471,True
14241527,2125,2689,18953,False
4900202957,62,1,4,False
42826190,1490,0,0,False
1595001296,66,764,0,False
716905889,4372,4856,1503,False
77489718,264,403,668,False
218726867,2955,3271,2151,False
973547988,,,,
63564245,2198,2141,1176,False
56109526,3546,3700,19,False
50858455,454,872,179,False
2455802329,144,451,4,False
42828250,3908,1494,0,False
3131253213,3445,4144,5636,False
2308748665,238,0,0,False
3340634592,,,,
27120098,2105,2603,2497,False
2968472037,616,505,4723,False
3024468454,,,,
16980455,926,577,3094,False
30833130,657,22,6,False
16311797,92951,232,839,True
1218583021,3427,3057,43,False
14549486,959,2097,644,False
242674159,1107,2157,46,False
92801520,473,1137,3587,False
3507624377,1278,722,411,False
2259749833,,,,
598319603,2134,2375,5944,False
817652,8991,4,1,False
2860970485,10,11,0,False
36442614,6179,1021,614,True
15300388,51179,9852,72,False
1866050042,2928,672,1005,False
177355259,786,1096,1,False
479562736,64652,49157,337,False
618840573,14212,9241,670,False
77032777,11996,1661,350,True
27759798,17811,1612,3,False
103121408,1285,463,0,False
18451200,53410,128,1,False
226299307,37,39,4,False
1494835716,60242,60035,2433,False
55040518,35,32,1,False
223279873,466,2360,1174,False
41186732,17427,8024,6183,False
437838346,1585,1792,10539,True
21043723,13080,8519,95323,False
10416652,66,80,41,False
118776333,1721,1610,0,False
2288462990,31822,1569,194659,False
121594383,817,1785,15274,False
38976017,452015,452488,720,False
176929299,163,304,13,False
18123284,1699,822,2250,False
635730453,22,120,0,False
111919616,5794,21,1,False
278370845,1095,6,0,False
225905183,657,1391,198,False
1703495640,722,1128,0,False
2344022562,924,673,143,False
41929478,11048,8850,75,False
18453030,1295,275,80,False
178491943,3205,3213,131,False
19163689,8599,8848,453,False
993862188,209,1934,8,False
14529929,479075,4723,4248,True
4714508847,331,566,73,False
50094643,186178,158997,8291,False
2857124404,137,123,68,False
3710943797,1562,2629,19,False
711881270,1711,2029,429,False
104321794,478,1299,183,False
59331128,37701,3593,4441,True
205425209,19830,281,10630,False
47739450,167837,1016,3,True
476202079,1403,1387,0,False
4916107837,782,94,3,False
3089064510,6628,435,1851,False
17399221,7731,7076,32,False
341674560,778,687,5798,False
1214310979,16,213,4,False
3196826180,2467,4989,50861,False
16184358,1399676,918,277,True
216068678,366,252,0,False
35402311,1548,1729,3,False
1214267976,11,192,4,False
109056356,957,1374,0,False
480500298,8006,7548,13654,False
19191223,90,75,10,False
113853004,1113,1529,0,False
420385890,733,405,2,False
210205453,778,502,11,False
1214308945,17,150,0,False
74771026,2487,2792,1477,False
1554254419,33,121,0,False
4437482068,16,6,5,False
3098359566,4,0,0,False
3114322432,3692,84,5,False
17936825,626,152,1,False
4390615642,,,,
2242439771,504,3,28,False
8235612,39599,37015,16755,False
3484664416,48,0,0,False
309213767,26,0,0,False
2549934690,378,20,5220,False
3025764963,347,26,0,False
2920073828,,,,
125774437,1137,1927,110,False
131691112,5781,3779,2,False
2281396327,942,1456,662,False
15809298,1299,1101,5097,False
24733117,453102,384441,163,False
22071920,924,2078,2014,False
213711475,3641,3359,191,False
865209350,271,23,61,False
3772895061,5659,6032,9488,False
16030327,1925,1458,820,False
86319736,1531,2013,11,False
74672763,7600,7305,21234,False
32649852,632,1249,1825,False
3064375061,463,1378,14,False
955736706,1465,429,0,False
988156549,12419,617,494,False
578822790,4481,3396,45,False
56413858,352517,414,0,True
400632457,1505,2209,0,False
3824278154,4539,4999,45237,False
2892806795,415,502,12,False
3296504462,12264,10982,10958,False
2415053456,30705,382,22,True
34310801,166478,926,1005,True
17535634,986,883,12,False
30438510,2693,64,3,False
274258582,92,175,28,False
283191960,950,867,48,False
3462931097,172,0,0,False
2937854619,1292,1471,5148,False
829735580,92184,80167,3522,False
4842961565,155,0,13,False
4482362015,1340,1297,133,False
2369312460,315,194,3,False
66950901,1456,258,31,False
22427761,1889,2145,2,False
1595004308,59,709,0,False
571972438,1463,5,75,False
4324176556,8,9,0,False
1176994477,35846,351,96,True
237914799,1678,1961,6,False
380125872,201,0,0,False
2550890816,1716,4236,1324,False
52316850,14973,17282,0,False
110817971,220,4,0,False
1263424788,173,139,0,False
607558430,49018,24647,12757,False
2228914874,125,14,1,False
757590715,652,369,51,False
1214297317,,,,
303434772,656,877,2687,False
89871235,838,811,0,False
4664734403,9,9,23,False
4368329412,14,44,2,False
941647194,4754,1355,3,False
344803369,5560,537,314,False
234898121,211,43,10,False
48806604,2397,2744,2,False
973564621,882,468,0,False
2788397775,63,1281,0,False
1702976208,,,,
973554386,787,466,0,False
466864852,24624,453,787,False
3020686037,1962,1923,67,False
829117142,1040,1095,11,False
1550439127,1313,885,0,False
72684249,473,19,0,False
1965318876,1876,1307,47,False
19802846,18441,17505,38294,False
57412320,361,391,6,False
20953826,997,434,397,False
2361623269,8633,7242,12613,False
3328064230,3850,1871,360,False
87957969,17485,16273,105139,False
1100671100,706,1961,1,False
15823893,5133,517,4858,False
36046325,2122,2301,6154,False
320180972,188,6,0,False
17398510,1592,1610,72,False
3299093231,155,0,0,False
226484976,4163,4452,396,False
87063281,21673,1062,1681,True
21953631,10119,9238,1910,False
78701299,27132,300,670,False
366322420,484,534,49,False
15195038,8292,6586,593,False
291336460,3696,2572,21563,False
4915948279,776,40,0,False
2461997816,396,1038,0,False
285097277,5181,1532,382,False
21800063,10674,5398,2382,False
308534014,2091,3644,35653,False
50477823,,,,
936809216,184,230,1,False
18825344,4374,3923,12358,False
3020731138,,,,
16300160,2295,3819,15,False
1548489476,31148,93,125,True
70171397,27985,30727,3,False
19071750,4350,1,0,False
3505692801,299,300,87,False
269595400,144,0,0,False
75613996,1421,2188,29,False
565613322,74,101,1294,False
3058624983,638,1091,16,False
860728076,9,8,0,False
23812877,2644,3011,4,False
1406286607,617,311,0,False
1218777872,2597,2820,49,False
3331835352,10720,7202,10866,False
85181202,2162,2433,8,False
16710420,125724,87705,2107,False
102388126,930,410,50,False
58098679,1344,462,103,False
17120024,664,1866,98,False
233069337,2604,2137,6721,False
55039014,16,17,5,False
15360796,9960,10547,52,False
82471710,3904,1871,39,False
17449093,9313,9298,5816,False
3681149729,186,194,3011,False
226650520,603,621,24,False
14457638,347,1343,1025,False
44119857,17333,1537,13,False
606759720,131,44,9,False
57785129,12444,3157,9102,False
18389803,1372,2116,6,False
951915308,3111,931,2188,False
2868189997,968,1224,0,False
32305967,1323,1818,0,False
18792765,3024,2217,10122,True
163011383,110,177,11,False
291509050,51,23,82,False
702361937888333824,508,40,0,False
1634552636,24205,18292,46622,False
20834303,3564,4008,1859,False
55038606,43,23,0,False
2322897728,654,937,1052,False
2334410965,175,0,0,False
15382667,12074,1004,3742,True
12927812,7909,6640,773,False
354933574,48316,131,62,True
1345002433,21,2,58,False
154020681,1337,1173,93,False
2868140876,861,1224,0,False
1120176974,1099,729,11,False
172000417,90,13,1,False
1393501008,2011,1398,314,False
268900152,5050,1429,40,False
76397394,1566,1778,0,False
66286419,1230,296,4,False
36072276,4391,4546,30466,False
1020058453,493260,4896,917,True
2374587222,821,530,11,False
1214286679,11,207,4,False
262932110,,,,
1594970970,58,755,0,False
27550555,1042,2336,4401,False
2746186589,9147,10079,51,False
258036575,645,618,1189,False
19845473,3607,2970,1423,False
14560097,13030,4127,7399,True
470409867,605,1340,7,False
14345062,206264,1712,893,True
1452477602,237,6,12,False
973527912,632,627,1,False
31239996,6391,6128,27072,False
4053945194,505,40,0,False
230450027,17025,270,0,True
191538028,3744,3370,16559,False
86102894,4073,3495,167,False
2179951,1354,2034,191,False
23120752,188,59,1,False
180986738,3305,3839,10130,False
2467791,6559703,1284,4260,True
1214307817,13,188,4,False
146060152,12762,8628,269,False
18639738,22618,95,1352,True
177230716,513,593,109,False
259074538,53486,355,62,False
46166910,,,,
14303381,,,,
2281972608,880,319,3980,False
27046785,22969,2965,40455,False
128334973,1546,2247,36,False
1595021803,60,753,0,False
4491531140,446,496,1061,False
15537302,11453,277,702,False
702353974641324032,787,43,1,False
1385771911,2047,1785,4792,False
3393088392,777,2947,26,False
236026761,55373,3704,7340,True
1467962250,173,341,0,False
17687436,8396,7790,7038,False
1858767757,63,43,0,False
77694454,755,845,0,False
3066383171,121,48,3,False
147135381,4909,632,277,False
130001814,471,1268,1,False
17542265,11704,1593,109,False
974885784,527,1558,37,False
51684249,,,,
59554714,1387,1265,303,False
244586991,4083,584,719,False
58260634,846,290,8,False
44356510,1256,797,108,False
3334862661,608,644,687,False
41829280,11652,11634,262,False
2154191777,347,212,155,False
40602531,3051,291,22,False
113111974,617,2064,3795,False
3731479463,31,3,15,False
891706524,87564,44,458,False
131500972,59396,656,124,True
2944996509,18260,18335,218,False
174089136,6237,5600,139,False
386511793,81,79,4337,False
154909422,5884,1336,568,True
122076087,218,638,27,False
2836839353,16834,1840,2781,False
17353658,25668,20486,8282,False
129350587,253,160,25,False
1214288828,269,188,3,False
34726846,751,1093,0,False
197496309,104314,77,792,True
27413440,5898,4973,4,False
3314514080,484,687,2673,False
4260412355,125,227,3,False
2820209142,286,498,7,False
202726343,6887,1403,279,False
866829132,2341,2651,89,False
16989130,6384,2207,13,False
64916983,15868,1277,29,False
2662265804,209,573,5,False
23974861,6710,6914,15395,False
701798063128625152,,,,
345517008,2676,2169,8,False
21316253,87000,5117,14,True
28164691,1147,1758,11508,False
2537198585,1982,483,387,False
18230228,77,147,279,False
314536920,7851,8119,13226,False
43445412,13253,10030,1279,False
2613709789,247,935,731,False
3247993823,7739,6484,1127,False
1684704224,149,105,4286,False
21627728,300,277,68,False
219350591,4601,1031,627,False
16067067,1666,455,38244,False
3082238950,2262,2265,29,False
920219473,414,1184,133,False
21990464,17797,4315,8,False
479601642,3822,133,84649,False
4721189868,617,668,193,False
21707139,4692,5044,8032,False
153116157,36075,31454,393,False
14500848,2414,2484,22,False
492246002,1534,146,2,False
546623315,1170,1755,21,False
258479092,435,1103,26,False
1214297077,12,198,4,False
407473142,84940,85208,11,False
887145463,4696,4648,12162,False
39916537,17181,98,80,False
15815676,1035,2057,19,False
26528766,3943,714,23179,False
14333781,759,2149,245,False
97633280,1155,978,0,False
4103070208,18,112,0,False
1932657667,99024,9,0,False
864584708,29244,678,9,False
17699845,1750,2234,10923,False
54699014,7157,4005,93,False
2864174087,1886,2327,3232,False
51149832,128,291,21,False
4853998601,3423,627,1102,False
3356482571,22,0,0,False
579112274,1671,2076,1235,False
352539661,14075,12628,2249,False
603798545,412,1037,7,False
124371986,7820,3263,28567,False
1214290435,13,179,4,False
125283348,65,12,2,False
275125422,150,6,0,False
27124758,10857,11790,12156,False
17544215,272,234,68,False
2927074329,591,46,0,False
2865159195,628,87,328,False
4154338332,546,41,0,False
3144223773,528,1521,1319,False
4641682463,221,12,1,False
247614496,1454,1489,4257,False
210928673,2079,3348,5,False
1462278134,5003,4969,80,False
38992932,293,132,40709,False
123110059,1544,1920,5,False
15359014,1834,2016,130,False
2429594665,29,39,3,False
112970794,423937,305033,9,False
102171691,2483,585,2354,True
14328877,441,170,142,False
61434926,3652,3919,5,False
4804084783,,,,
110466097,5668,743,820,False
145659451,13567,11838,13742,False
2280669680,1570,724,22,False
23657527,1381,1292,13,False
1703040056,770,841,0,False
458015801,2538,1025,15504,False
238027836,2872,1688,2,False
455108106,2126,2098,626,False
5741722,2098299,104535,345,True
519728191,6169,4084,53,False
2597141568,392,241,1288,False
14365762,4304,5042,22,False
3314529347,4267,5002,32201,False
4246693046,,,,
3020695373,2161,2044,44,False
15905863,513,702,128,False
17097801,246,791,8,False
24484939,3306,661,47,True
1246177122,1103,203,7,False
16337999,1377,4999,509,False
20722768,3191,3682,20,False
444304468,557,284,22,False
1179710990,5932,827,6183,False
19518552,427,856,119,False
3761241,23929,20327,34,False
137655302,5133,4922,38163,False
42091611,176587,177034,27088,False
4553731353,914,1933,1491,False
4502289501,61,81,9,False
15467215,2139,10,0,False
93111391,77389,72228,2242,False
62340193,2000,10,0,False
28052578,382,67,11,False
16067683,3415,955,98,True
124814437,11275,4756,620,False
18801766,3581,1104,76,False
176909116,6659,5256,1787,False
40018661,938,344,36,False
1486206134,1178,1850,2,False
47062123,5008,5783,8,False
4439798892,560,40,0,False
348071022,1467,894,6191,False
14915067,13892,562,3165,False
4794182534,10728,11737,17398,False
742016113,4301,2377,923,False
67232882,6208,8877,3,False
19536403,347,99,4,False
89983830,1220,1576,0,False
19884087,2335,620,22,False
3610188921,2359,3001,2939,False
4705503319,111,158,1,False
381424763,400,59,0,False
86412412,1496,941,4,False
15893354,40688,1397,814,True
349183825,1313,2184,20667,False
22064255,10707,9218,23012,False
781251776,3138,278,847,False
289963138,10529,181,9,True
104170629,1246,1369,61,False
2172753030,77,18,130,False
17822855,4048,1426,11232,True
1214286984,14,173,0,False
21587082,27854,26244,468,False
945132685,490,743,0,False
95249550,845,730,1085,False
22918287,4997,5129,716,False
205769582,110957,22458,284,False
28818582,787,245,0,False
3712646295,1707,2889,6,False
2393298072,1844,1907,23,False
22278340,606,82,44,False
372778138,834,915,0,False
111381659,9746,9553,15476,False
38223004,799,865,0,False
16032925,568536,247,0,True
55037674,75,31,33,False
3304680457,172,235,3,False
973565089,825,1119,0,False
58308924,355,465,30,False
4707710115,1838,3206,4001,False
15170286,19775,19687,421,False
1337701542,1122,60,1,False
1597096567,75,4,0,False
1945076263,3984,3722,14194,False
2608043178,6294,5236,4,False
700612022010916864,,,,
169985197,15358,736,678,False
1561900206,892,1008,6016,False
131679409,14,6,0,False
441660597,755,1829,0,False
964986038,1875,1189,0,False
16635063,2073,1998,4928,False
20812660,6032,5310,0,False
262900807,1707,2014,882,False
108837407,108,29,0,False
4698979520,2471,2081,889,False
242369729,9880,10596,0,False
330486427,553,539,5,False
145681522,2441,993,164,False
544378056,1295,303,895,True
592898252,469,815,102,False
973540554,690,1043,0,False
112282827,1408,922,37,False
138228941,175,393,0,False
1135168717,310,495,115,False
1638425646,3053,3294,26,False
3430288594,676,1797,345,False
488679352,62429,436,168,True
13524182,202019,8269,1474,True
36314329,2659,3567,71448,False
3282973915,130139,560,15,False
17728732,2084,1512,386,False
43616122,659,384,12,False
1214299358,13,212,4,False
16336095,1434,628,46,False
112526560,25074,1086,752,True
183876837,12209,7157,104,False
3479616743,6124,3826,19367,False
16155881,25243,20036,18,False
73829585,1844,1072,2454,False
73813227,5014,3994,20228,False
377668052,728,1188,3834,False
14933230,959,1811,3,False
24882415,18327,1393,924,False
3885993200,3392,2561,2112,False
103576819,806,1880,33,False
73019262,187,102,1336,False
2262039800,16,7,1,False
138218746,151,155,0,False
18320938,37307,7001,28535,False
2349119701,3523,4978,27451,False
632511744,15585,2237,31,False
2191481728,4206,4215,7939,False
32654594,444,0,19,False
55976150,16301,15059,554,False
4738300801,,,,
544354860,339,1233,176,False
7228682,61727,147,27,False
264451340,3646,4973,289109,False
17919245,3426,72,0,False
186557997,2296,4263,2866,False
266876176,342,395,0,False
279426321,659,1888,153,False
65209619,4832,3317,4875,False
2391352596,38289,1160,1,False
465446166,195,200,11,False
14132503,10251,8266,245,False
420048153,3746,3729,11,False
2567361932,4888,2191,14977,False
23515359,1781,1772,316,False
2173449500,273,778,18,False
799401248,1021,0,0,False
461458725,211,303,11,False
19572007,6299,6220,15082,False
94258472,228,31,0,False
1218622722,3489,3015,17,False
154985728,8712,3321,1843,True
92702455,348,1207,0,False
3291177865,6255,1214,41,True
3243261234,594,7,65,False
16593766,3332,3565,45,False
273015689,925,423,17,False
42964281,6672,6460,56,False
3269091415,6377,1047,6926,False
4741436731,11,43,0,False
219913533,3784,82,0,False
58502462,1938,528,632,False
16721461,15288,1476,4339,False
401675584,22209,19536,4777,False
2456612064,223,132,0,False
91295286,802,1112,0,False
3433659718,3660,3300,2,False
4234566983,5777,5155,20053,False
245321522,36,125,306,False
2369450892,4055,4027,2,False
30534986,29327,6110,449,False
16539190,10271,120,1555,False
4666950440,,,,
42362189,12394,11453,527,False
26487169,251363,2733,1222,True
2551151160,435,15,14426,False
67233106,579,919,0,False
39155029,31217,3256,1001,True
16305494,8464,3289,5361,False
18353495,62677,16698,3045,False
38850179,1126,252,24,False
760087898,1029,1309,12054,False
310732584,371,0,0,False
2488436060,1391,1320,527,False
255240421,284,38,8737,False
139738464,8728,940,1634,True
491476321,928,32,8,False
1206091106,519,279,2910,False
39232867,2593,2831,167,False
4084169127,194,0,0,False
371889510,5651,5385,480,False
198368615,1497,1973,114,False
17470695,7146,1063,10985,False
181039052,1036,1532,1242,False
42268013,39975,39654,585,False
23111022,4883,5349,411,False
1167764029,142,593,0,False
422317099,287,939,3,False
19416435,413,764,33,False
46151715,1908,1842,0,False
4915675710,702,40,0,False
2240756971,11439,152,13,True
1703535992,55,174,0,False
188903918,3673,3475,120848,False
21450106,233,123,22,False
14630267,10943,1815,3109,True
1214291324,141,174,0,False
159655293,6113,1185,2652,True
274294142,6419,6267,153,False
22869375,5325,5753,32834,False
106317376,2029,2273,0,False
461677954,2110,1495,0,False
77863147,6153,6185,1,False
237337988,149,326,13,False
18640261,5650,6131,3,False
626503046,19729,21646,536,False
92304777,4075,4238,121,False
3424060462,23,7,0,False
123174284,698,2358,223,False
1858741826,63,63,0,False
4751365518,146,66,1599,False
4659230096,,,,
3020656017,1295,1740,24,False
3901617556,39,176,0,False
1214270556,,,,
4042851734,512,93,2,False
472679832,226,1979,4,False
4746371652,485,2,49,False
295725826,66,82,1,False
16672155,827,2008,52,False
35009948,1355,1432,0,False
141938077,4650,4825,24617,False
23064628,611,1180,4,False
4703251872,81,43,0,False
45278448,1379,1849,526,False
18082945,39532,42615,52221,False
2707584582,2093,2093,3,False
274517122,17192,16306,1047,False
214443431,10,212,456,False
973544874,823,934,0,False
69049771,2565,1061,529,False
2475599276,5697,3856,78587,False
2939497901,2316,175,5,False
2274839983,295,6,3,False
961584560,372,665,2,False
21563711,1889,1873,7986,False
783046681,1033,2012,14187,False
4516752821,1591,1239,4615,False
264025526,2318,2348,364,True
41508279,281,31,21,False
345636282,306,115,36,False
340330058,4591,4750,14794,False
17243582,109881,4044,4173,True
625452480,78,103,0,False
4426507168,996,1218,0,False
139644354,248,1258,795,False
18772897,16817,1353,70,True
26887881,2593,0,0,False
217299191,268,412,0,False
721661942591524864,24,10,0,False
537553485,13273,14271,3923,False
55037392,40,25,0,False
309205240,2957,2873,6383,False
759251,25431485,1119,1392,True
3803497941,53,15,4,False
2868100566,804,1230,0,False
1638430969,234,83,197,False
2300505560,1165,1647,9013,False
79042009,39,14,389,False
32517594,13097,11831,2612,False
3020692409,1447,1555,72,False
17468666,2900,4986,33792,False
225861086,9222,428,317,False
18159073,1608,490,0,False
43797990,1181,926,2494,False
1485880807,789,314,1344,False
138147304,183,32,0,False
73448937,31608,27409,3167,False
188526058,282,539,3520,False
71575019,809,922,331,True
22707692,1305,2260,12247,False
16242158,611,22,6,False
229575933,1642,1947,478,False
973526952,713,645,1,False
20276998,22124,264,2020,True
293012979,6500,522,52,True
12004852,5288,2996,53542,False
1595026933,58,761,0,False
1214295542,,,,
22924791,2020,2047,333,False
14345812,6581,704,86,True
4212880639,66,43,0,False
21659132,1568,2467,3094,False
279240189,78,51,15,False
18400766,199,331,383,False
3108351,11080471,1062,1296,True
2823283968,520,273,12,False
446291458,35408,10938,200086,False
3525238277,,,,
4369315334,6,40,0,False
582140844,5210,5491,2643,False
15560202,1605,1805,49990,False
3313997058,781,996,1992,False
4710741518,,,,
44592655,1329,1863,1,False
1214285328,12,201,4,False
395132433,316,158,0,False
168524035,7039,6897,1910,False
2314084668,118,308,0,False
29799963,2484,2059,4,False
36601372,358,3,0,False
14345759,95392,659,855,True
22248992,1887,2215,508,False
13673392,21378,16025,44,False
466519586,2402,2237,420,False
63528484,2912,393,42,False
34022952,11232,152,99,True
111932970,8437,23,4,False
44686891,2699,2649,13561,False
279469613,18265,15476,2329,False
138526255,22038,18659,665,False
1282158128,3798,2138,97,False
512845362,113344,9968,161,False
1214284272,11,98,4,False
269930038,51832,52071,0,False
149030455,803,701,69,False
3889100344,4,0,0,False
28195764,48834,562,7602,True
62774102,3079,272,40,False
3221687869,678,64,1609,False
1214281278,13,194,4,False
3084998207,2178,2054,14,False
293314112,807,1675,1860,False
502362720,17643,1154,31,False
1594977858,57,751,0,False
312593987,825,32,2,False
24827461,316,405,82,False
291774022,11246,9657,9133,False
36810311,839,478,50,False
17292556,3691,3530,836,False
31559242,9251,1,0,False
812027468,7303,7706,45,False
2259158605,1249,500,0,False
130844238,142,157,2,False
666893,495,288,0,False
55041616,41,29,18,False
4368819793,37,82,0,False
114374226,2924,412,9016,False
48051795,1414,1897,2428,False
91944532,1421,1848,0,False
137840213,3377,73,0,False
4048485974,512,40,0,False
1162112953,2268,1353,8883,False
69330522,14205,8841,4,False
18083420,4275,3195,47954,False
141645754,240,385,8,False
4339754593,55808,17782,73,False
11073122,242,847,10,False
493530726,129,145,19,False
2858151526,1454,1711,1937,False
169586280,10466,1333,49,True
28765801,9165,10172,3,False
4175660653,2395,4812,254,False
2535083630,8085,8079,1172,False
270112367,,,,
849942128,2427,2452,77,False
529550961,38,69,734,False
163589845,7747,1646,3409,True
240334451,1954,595,2340,False
22883463,3291,33,0,False
182301577,7650,8386,2734,False
518663799,1424,1032,459,False
16291449,6500,1961,9245,True
88458875,11097,12199,478,False
49532541,130,279,29,False
157398659,16854,15716,2450,False
146710150,16986,51,28,False
49964679,89057,81074,802,False
154588808,851,286,129,False
2421298825,464,1454,4020,False
17513307,2400,2056,1414,False
3236924083,24769,101,18,False
115408526,845,21,22973,False
299929232,9465,8588,3891,False
24047249,616,305,294,False
1594975890,59,730,0,False
33611715,67749,55565,146543,False
32763541,4697,2521,42,False
1708820119,9533,1374,1677,False
278345370,319,908,634,False
1645876892,282,1049,582,False
27125405,212,31,0,False
216788638,342,148,1,False
296170437,,,,
83949216,10278,5310,5341,False
34715248,2115,664,22939,False
330145442,949,2025,15,False
2178922148,10356,9267,15,False
3009568421,,,,
351850150,54040,27420,272,False
3341950631,97,1,2,False
3258275628,,,,
43973916,467,378,0,False
2549300906,345,22,5140,False
298198699,144,0,65,False
119514799,1793,2035,4,False
4717077107,190,32,40,False
226473652,959,1943,0,False
50769180,701166,347,64,True
70511174,15658,944,3710,True
3663984313,301,492,1,False
179588796,3331,602,100,False
34805465,391,32,0,False
1672541887,81,2,0,False
477071043,269,796,10,False
80414405,2932,3532,0,False
2806394569,258,89,493,False
54464202,766,270,56,False
3424040651,373,2009,0,False
23232204,12203,2006,215,True
15993122,7240,6456,164,True
3408762575,2512,636,10381,False
135558864,1244,1059,27,False
130935416,681,1961,1322,False
794779346,1407,320,9,False
123157926,500,1872,194,False
141403861,922,1436,414,False
15244782,1439,1000,1732,False
1594975962,79,731,0,False
19495887,315,421,1,False
279247113,207,0,0,False
18482912,1944,2206,2039,False
705771225377857536,128,402,53,False
2843901666,8202,8052,574,False
63052244,1404,1704,0,False
376876772,5410,1602,287,False
202731814,717,180,66,False
133959400,673,14,40,False
99140220,7543,8100,0,False
16299754,27819,11119,9152,True
543628583,2069,1950,3832,False
17922825,1623,1987,20,False
13735662,125,343,0,False
456806128,66810,2864,49,True
128641320,3881,889,866,False
37025524,1526,870,1679,False
59911924,1225,1383,1159,False
20252406,6153,945,6303,False
300497193,10683,1221,16,True
64122617,10731,10695,34,False
1158180602,3611,2989,57,False
28927073,1695,917,8,False
1934287598,1854,1970,214,False
309827330,237,269,0,False
1519412996,3782,1323,62,False
973694934,404,751,0,False
979113734,190,1,5,False
23228167,298,391,206,False
213137160,2566,2459,0,False
1450735369,197,108,0,False
107087730,1517,955,23,False
579962917,17229,12058,4185,False
106277663,606,347,54,False
244317966,3749,976,2,False
14434063,225003,267,192,True
2548770576,,,,
241690584,65,51,0,False
3240732435,1130,373,114,False
2852528430,,,,
1138368278,66,12,1,False
24438551,17998,2006,107,False
232681242,6924,911,1656,False
4633251613,2489,4094,4049,False
184780576,6840,6781,8,False
286680865,4659,3969,5250,False
3462557476,193,112,0,False
105604742,5289,4227,45784,False
41432870,1585,2065,1819,False
3395964711,11189,1534,55136,False
64925480,944,794,0,False
1197354972,1809,1943,70,False
2274571652,41,12,0,False
11351852,,,,
227837742,623418,155,442,True
796907311,2197,2128,561,False
16672561,16897,11122,17794,False
23152434,7524,1159,19,False
37675937,309,629,1942,False
13850422,620879,768,177,True
354162487,63,86,1,False
206487352,3403,298,205,True
705706292,6984,1778,774,True
3385597754,,,,
338896699,7953,7803,25327,False
1963571004,102729,35774,15246,False
80202378,1517,1785,0,False
242011966,3077,1096,0,False
1214314464,140,196,4,False
60684098,1450,898,62419,False
2409595531,6239,1996,3579,False
326616900,2294,2552,5,False
36987190,2460,2196,0,False
32497478,47637,18091,19,False
19799373,393,609,25,False
1002199044,21,18,165,False
1412933454,401,31,0,False
236753010,152,92,0,False
2984429393,,,,
351039315,288,158,13,False
136300373,40162,3125,1417,True
115148632,994,440,3136,False
117680100,1125,418,14,False
517568346,5013,3986,0,False
49718700,2078,2064,79,False
3303239516,522,445,11,False
28645214,2211,0,0,False
4074893152,467,41,0,False
3353434768,113,270,53,False
759902462,258,286,0,False
156186469,205,117,6,False
149296998,7132,5540,23,False
3270445526,1208,357,6560,False
26773353,6708,6416,21850,False
1703497644,636,956,0,False
30709612,15631,13146,1,False
1214289774,15,186,4,False
315002735,5829,6607,1,False
301954928,502,738,28,False
64302962,10910,6367,9973,False
1595018899,62,744,1,False
761146784,794,1933,0,False
1289555262,6453,2729,156,False
22972716,260,2174,301,False
2828639878,85,41,9,False
16646010,488,534,3892,False
928618363,16262,2547,8390,False
25945980,431,2078,93,False
1214293885,10,194,4,False
15523710,421,951,426,False
4461600405,992,264,362,False
4877191041,5374,4511,2124,False
22695433,2753,2716,369,False
714894794653364224,516,0,0,False
1214288034,8,187,4,False
63615980,8459,3085,1382,False
4642502538,3257,3049,72,False
403004768,6306,6947,95,False
1594972824,60,738,0,False
254312341,5349,3523,63,False
197944710,7669,8024,61,False
1531525988,2283,2226,10713,False
787546010,1552,170,0,False
26869660,831,1161,2,False
2893678493,641,1749,0,False
96522143,4401,659,0,False
133793696,7049,6475,18,False
4260493217,27,37,0,False
3044840091,2161,1497,152,True
191917706,374,762,3456,False
1039687591,1541,2219,134,False
275765160,642,1890,1,False
33164956,120,320,5,False
1664939335,1966,708,32,False
4704337836,108,134,0,False
18164244,32479,7362,1018,False
55845533,1601,2054,9616,False
24840112,2597,3014,66,False
1594972488,58,64,0,False
1367531,9346314,418,1,True
20344756,10279,12358,0,False
407129758,2357,679,758,True
4920999862,340,64,0,False
80701367,2082,2234,0,False
19865528,42367,34256,3539,False
180823028,6707,5330,285,False
15873978,2983,2049,13988,False
15075999,104997,1795,1368,True
394011295,840,1645,179,False
65587134,47566,49226,790,False
3452766143,342,1117,48,False
421610271,780,1468,1717,False
4575235403,70,190,0,False
3007502276,150,329,367,False
3318611958,35,2,0,False
1611538375,4295,4289,0,False
286013431,2700,320,5412,False
1214289673,,,,
104914594,10803,1390,3644,True
3238389710,378,1598,0,False
225627469,1099,4070,356,False
14612434,732,1,0,False
4839710675,661,2307,2395,False
78716886,3557,1021,880,True
153503737,3579,564,2673,False
3683971032,3162,4979,120,False
1703533220,568,534,0,False
17561562,44727,170,758,False
19154907,2657,2663,1336,False
98967516,5700,5841,11498,False
85176287,785,1972,8,False
4318156768,61,40,0,False
15988705,222,842,5809,False
356982779,329,171,19,False
299642852,353,10,0,False
2640930792,270,27,6367,False
472311211,256,211,17,False
440688620,34801,31136,10206,False
1850795346,108,0,0,False
22362095,9219,432,5,False
125338249,684,629,59,False
2980716533,280,339,10,False
548531273,,,,
347856887,,,,
1353149138,,,,
62128121,,,,
2371825659,,,,
4068653052,,,,
15755262,,,,
16205823,,,,
